<?xml version="1.0" encoding="UTF-8"?>
<project-private xmlns="http://www.netbeans.org/ns/project-private/1">
    <editor-bookmarks xmlns="http://www.netbeans.org/ns/editor-bookmarks/2" lastBookmarkId="0"/>
    <open-files xmlns="http://www.netbeans.org/ns/projectui-open-files/2">
        <group>
            <file>file:/F:/Traffic_System/src/model/GreenLamp.java</file>
            <file>file:/F:/Traffic_System/src/esper/Traffic_System.java</file>
            <file>file:/F:/Traffic_System/src/view/Traffic.java</file>
            <file>file:/F:/Traffic_System/src/model/Red_Pedestrian_lamp.java</file>
            <file>file:/F:/Traffic_System/src/model/NorthTraffic.java</file>
            <file>file:/F:/Traffic_System/src/model/CrowdSensor_EW_Interface.java</file>
            <file>file:/F:/Traffic_System/src/events/ChangePedestrian.java</file>
            <file>file:/F:/Traffic_System/src/model/Traffic_Lamp.java</file>
            <file>file:/F:/Traffic_System/src/model/Green_Pedestrian_lamp.java</file>
            <file>file:/F:/Traffic_System/src/model/RedLamp.java</file>
            <file>file:/F:/Traffic_System/src/view/TrafficLightSimulation.java</file>
            <file>file:/F:/Traffic_System/src/model/Color.java</file>
            <file>file:/F:/Traffic_System/src/events/ChangeColor.java</file>
            <file>file:/F:/Traffic_System/src/model/YellowLamp.java</file>
            <file>file:/F:/Traffic_System/src/esper/Config.java</file>
            <file>file:/F:/Traffic_System/src/model/SouthTraffic.java</file>
            <file>file:/F:/Traffic_System/src/model/Traffic_Light.java</file>
            <file>file:/F:/Traffic_System/src/model/PedestrianLamp.java</file>
            <file>file:/F:/Traffic_System/src/view/TrafficLight.java</file>
            <file>file:/F:/Traffic_System/src/model/WestTraffic.java</file>
            <file>file:/F:/Traffic_System/src/model/EastTraffic.java</file>
            <file>file:/F:/Traffic_System/src/model/Timer.java</file>
        </group>
    </open-files>
</project-private>
